{"client_meta":{"background_color":{"r":0.9607843160629272,"g":0.9607843160629272,"b":0.9607843160629272,"a":1},"thumbnail_size":{"width":400,"height":341},"render_coordinates":{"x":-3846,"y":-582,"width":2641,"height":2250}},"file_name":"website"}